loc_src,id,screen_name,name,location,description,created_at,friends_count,followers_count,status_count
"Bangalore, India",84112817,ratul_views,Ratul Bhattacharya,Bangalore | Kolkata | Siliguri,Marketing & Business Strategist | Technology Enthusiast | Occasional Philosopher | True Bong | Ex @FollowCII @TataCompanies @NENIndia @WTCBengaluru,Wed Oct 21 16:43:26 +0000 2009,333,281,5524
"Bangalore, India",84112817,ratul_views,Ratul Bhattacharya,Bangalore | Kolkata | Siliguri,Marketing & Business Strategist | Technology Enthusiast | Occasional Philosopher | True Bong | Ex @FollowCII @TataCompanies @NENIndia @WTCBengaluru,Wed Oct 21 16:43:26 +0000 2009,333,281,5524
"Bangalore, India",3107402131,ZubeenLapsiwala,Zubeen Lapsiwala,"Surat, India",Musigma YouTuberChemical Engineer,Wed Mar 25 12:25:40 +0000 2015,230,168,827
"Bangalore, India",254592904,_Rahul_Gupta_,Rahul Gupta,"Bangalore,  KA",Software Engineer,Sat Feb 19 16:01:35 +0000 2011,223,117,292
"Bangalore, India",254592904,_Rahul_Gupta_,Rahul Gupta,"Bangalore,  KA",Software Engineer,Sat Feb 19 16:01:35 +0000 2011,223,117,292
"Bangalore, India",131218835,PraveenArakkal,Praveen Arakkal,"Bengaluru, India",Nationalist | Right Wing Supporter | Proud Hindu | Modi Fan | Jai Sri Ram | Jai Sri Krishna | Vande Maataram |,Fri Apr 09 16:41:13 +0000 2010,127,181,2442
"Bangalore, India",131218835,PraveenArakkal,Praveen Arakkal,"Bengaluru, India",Nationalist | Right Wing Supporter | Proud Hindu | Modi Fan | Jai Sri Ram | Jai Sri Krishna | Vande Maataram |,Fri Apr 09 16:41:13 +0000 2010,127,181,2442
"Bangalore, India",2881135615,sweetyrath,Sweety,"Bengaluru, India","Rhythm of life is Dance, Mother to a Prince, Passionate about work, God Loving, Ambitious and Focussed, Strong üí™",Tue Oct 28 18:17:04 +0000 2014,260,243,513
"Bangalore, India",131218835,PraveenArakkal,Praveen Arakkal,"Bengaluru, India",Nationalist | Right Wing Supporter | Proud Hindu | Modi Fan | Jai Sri Ram | Jai Sri Krishna | Vande Maataram |,Fri Apr 09 16:41:13 +0000 2010,127,181,2442
"Bangalore, India",131218835,PraveenArakkal,Praveen Arakkal,"Bengaluru, India",Nationalist | Right Wing Supporter | Proud Hindu | Modi Fan | Jai Sri Ram | Jai Sri Krishna | Vande Maataram |,Fri Apr 09 16:41:13 +0000 2010,127,181,2442
"Bangalore, India",131218835,PraveenArakkal,Praveen Arakkal,"Bengaluru, India",Nationalist | Right Wing Supporter | Proud Hindu | Modi Fan | Jai Sri Ram | Jai Sri Krishna | Vande Maataram |,Fri Apr 09 16:41:13 +0000 2010,127,181,2442
"Bangalore, India",2201898532,varunjain1108,CA Varun Jain,Akhand Bharat ,#Proud_Indian #Non_Resident_Bihari #Proud_Bihari #Proud_Son #Chartered_Accountant #Company_secretary #Jai_Shree_Ram,Sat Nov 30 15:27:51 +0000 2013,358,400,3016
"Bangalore, India",81099967,bs_sreelekshmi,Sree Lekshmi,"Trivandrum/ Bengaluru, India",Earthling!!,Fri Oct 09 12:45:35 +0000 2009,488,330,6134
"Bangalore, India",295787276,RagsLondon,Rags Raghavendra,"Bengaluru, India",believer of industrialized approach to analytics; golf afficianado; into elements of yoga & discovery of religion through history; speak 4 languages!,Mon May 09 17:23:14 +0000 2011,316,174,1113
"Bangalore, India",2201898532,varunjain1108,CA Varun Jain,Akhand Bharat ,#Proud_Indian #Non_Resident_Bihari #Proud_Bihari #Proud_Son #Chartered_Accountant #Company_secretary #Jai_Shree_Ram,Sat Nov 30 15:27:51 +0000 2013,358,400,3016
"Bangalore, India",545764602,MallikarjunaNH,Mal-Lee,"Bengaluru, India","Chef, Software Engineer!",Thu Apr 05 04:22:59 +0000 2012,189,426,5052
"Bangalore, India",117345684,MuraliMRGS,Murali Margassery,"Bengaluru, India","An adept optimist, traveller and hardcore lover of cinema, Malayali, Founder of @mannira_in",Thu Feb 25 08:27:51 +0000 2010,458,430,5173
"Bangalore, India",117345684,MuraliMRGS,Murali Margassery,"Bengaluru, India","An adept optimist, traveller and hardcore lover of cinema, Malayali, Founder of @mannira_in",Thu Feb 25 08:27:51 +0000 2010,458,430,5173
"Bangalore, India",131218835,PraveenArakkal,Praveen Arakkal,"Bengaluru, India",Nationalist | Right Wing Supporter | Proud Hindu | Modi Fan | Jai Sri Ram | Jai Sri Krishna | Vande Maataram |,Fri Apr 09 16:41:13 +0000 2010,127,181,2442
"Bangalore, India",278171262,seeker_cae,Sreejith, Bangalore ,"Tamilian-Keralite, self-belief, own perception of God, Transformed HUMAN, Neo-Liberal",Wed Apr 06 19:08:59 +0000 2011,250,222,19165
"Bangalore, India",114963216,Vidyadhara89,Vidyadhara Belavadi,chickamagaluru,"[Be practical & think practical]Graduated from Malnad College of Engineering, Hassan, Karnataka, India.",Wed Feb 17 04:50:01 +0000 2010,262,113,6249
"Bangalore, India",131218835,PraveenArakkal,Praveen Arakkal,"Bengaluru, India",Nationalist | Right Wing Supporter | Proud Hindu | Modi Fan | Jai Sri Ram | Jai Sri Krishna | Vande Maataram |,Fri Apr 09 16:41:13 +0000 2010,127,181,2442
"Bangalore, India",63493412,arpo_ghosh,Arpo Ghosh,"Bengaluru, India","Sarcastic. Funny (well, that's what I think). Boring (that's what people think). Stuck between a rock and a hard place.",Thu Aug 06 17:55:54 +0000 2009,178,229,4670
"Bangalore, India",545764602,MallikarjunaNH,Mal-Lee,"Bengaluru, India","Chef, Software Engineer!",Thu Apr 05 04:22:59 +0000 2012,189,426,5052
"Bangalore, India",295787276,RagsLondon,Rags Raghavendra,"Bengaluru, India",believer of industrialized approach to analytics; golf afficianado; into elements of yoga & discovery of religion through history; speak 4 languages!,Mon May 09 17:23:14 +0000 2011,316,174,1113
"Bangalore, India",784136867209998337,Kavs_20,Kavya Sharma,"New Delhi, India",Author of The Carmine Memories/Founder and editor-in-chief @verseofsilence/Commissioning editor @halfbakedbeans,Thu Oct 06 21:02:52 +0000 2016,212,475,256
"Bangalore, India",3326992466,InventiveNet,Inventive Networks,"Bengaluru, Karnataka","We are Web Based Solution provider located in Bangalore, India.",Sun Aug 23 18:23:17 +0000 2015,261,130,110
"Bangalore, India",198054493,being_assamese,Biswajit,"Assam, India","Techie by profession. Assamese by birth and heart. RTs are not necessarily endorsements, Thanks for visiting me.",Sun Oct 03 06:24:59 +0000 2010,477,143,1792
"Bangalore, India",230366994,manmeram9,manmeram,"Bangalore, India","practices/interests: science, spirituality, Sathya Sai, sangItam, samskrutam, Sruti and society",Sat Dec 25 06:19:32 +0000 2010,274,176,3801
"Bangalore, India",2192450400,SiddharthVipul,Vipul Siddharth,"Bengaluru South, India","I have plenty of political views and plenty of social and personal prejudices. I do not, however, value them.",Wed Nov 13 15:05:03 +0000 2013,141,167,480
"Bangalore, India",3326992466,InventiveNet,Inventive Networks,"Bengaluru, Karnataka","We are Web Based Solution provider located in Bangalore, India.",Sun Aug 23 18:23:17 +0000 2015,261,130,110
"Bangalore, India",63493412,arpo_ghosh,Arpo Ghosh,"Bengaluru, India","Sarcastic. Funny (well, that's what I think). Boring (that's what people think). Stuck between a rock and a hard place.",Thu Aug 06 17:55:54 +0000 2009,178,229,4670
"Bangalore, India",18017497,satsangi,satsangi,"Bangalore, INDIA.",A moderate Individual with basic school Education & self taught consultant in 60‚Äôs habitually keeping self updated on current world affairs,Wed Dec 10 11:54:44 +0000 2008,188,283,19984
"Bangalore, India",103091837,sunderr32,Sunder Raman,"Bengaluru, Karnataka",MAAD - Make Awesome Ads.A platform for brands to connect with creative people who tell untold brand stories through user-generated Ads,Fri Jan 08 21:34:31 +0000 2010,149,110,1309
"Bangalore, India",545764602,MallikarjunaNH,Mal-Lee,"Bengaluru, India","Chef, Software Engineer!",Thu Apr 05 04:22:59 +0000 2012,189,426,5052
"Bangalore, India",297925199,vyshakhvinod52,Vyshakh Vinod,"Bengaluru, India","Gourmet, Traveller, cryptojunkie",Fri May 13 11:00:26 +0000 2011,182,105,126
"Bangalore, India",485812614,SumitKothiyal,sumit kothiyal,"Bengaluru South, India",#Blockchain #Ethereum #Hyperledger #Bitcoin #RPA #NextGenAI #HANA #S4HANA #AdvancedAnalytics #IAP #IronmanDaddy #Cricketer #Gymtrainer #SoccerPlayer #FinTech,Tue Feb 07 16:14:28 +0000 2012,376,297,1274
"Bangalore, India",485812614,SumitKothiyal,sumit kothiyal,"Bengaluru South, India",#Blockchain #Ethereum #Hyperledger #Bitcoin #RPA #NextGenAI #HANA #S4HANA #AdvancedAnalytics #IAP #IronmanDaddy #Cricketer #Gymtrainer #SoccerPlayer #FinTech,Tue Feb 07 16:14:28 +0000 2012,376,297,1274
"Bangalore, India",545764602,MallikarjunaNH,Mal-Lee,"Bengaluru, India","Chef, Software Engineer!",Thu Apr 05 04:22:59 +0000 2012,189,426,5052
"Bangalore, India",131218835,PraveenArakkal,Praveen Arakkal,"Bengaluru, India",Nationalist | Right Wing Supporter | Proud Hindu | Modi Fan | Jai Sri Ram | Jai Sri Krishna | Vande Maataram |,Fri Apr 09 16:41:13 +0000 2010,127,181,2442
"Bangalore, India",853914007723442176,Go_Shoppre,ShoppRe.com,"Bengaluru, India",ShoppRe allows those living outside India to #Shop from ANY Indian Online Seller & #ShipWorldwide to their doorstep through https://t.co/9oiNG1PKJw,Mon Apr 17 10:12:19 +0000 2017,126,374,308
"Bangalore, India",1263466418,iamparthapsr,Partha Sarathi Rath,Jagannath Dham‚ùÑÔ∏è,"Software Engineer (BLR)üíïFAN OF @iamsrküòç@msdhoniüïµÔ∏è‚Äç‚ôÄÔ∏èSRKMSDforever‚ù§Ô∏èhttps://t.co/Cru5gDm6Je üëàüíí@varun_dvn Reply Me 09/07/18,9.27PMüí´",Wed Mar 13 03:25:12 +0000 2013,232,182,2199
"Bangalore, India",3551100853,ROBOGOfficial,ROBO-G,"Bengaluru, Karnataka",We provide an unique platform for students to understand and learn the 21st centuary skills and STEM Edu through hands-on learning tools.,Sun Sep 13 16:42:45 +0000 2015,162,121,588
"Bangalore, India",18017497,satsangi,satsangi,"Bangalore, INDIA.",A moderate Individual with basic school Education & self taught consultant in 60‚Äôs habitually keeping self updated on current world affairs,Wed Dec 10 11:54:44 +0000 2008,188,283,19984
"Bangalore, India",18017497,satsangi,satsangi,"Bangalore, INDIA.",A moderate Individual with basic school Education & self taught consultant in 60‚Äôs habitually keeping self updated on current world affairs,Wed Dec 10 11:54:44 +0000 2008,188,283,19984
"Bangalore, India",1156620973,Kuzotelohe,Akuzo Lohe,"Bengaluru, India","ü§ùEntrepreneur  ‚úçÔ∏èWriter  üì∑Photographer üè®Campus Ambassador @TEDx Bangalore  üéìBIT, Bangalore üáÆüá≥Bangalore, India",Thu Feb 07 09:33:30 +0000 2013,194,178,252
"Bangalore, India",1156620973,Kuzotelohe,Akuzo Lohe,"Bengaluru, India","ü§ùEntrepreneur  ‚úçÔ∏èWriter  üì∑Photographer üè®Campus Ambassador @TEDx Bangalore  üéìBIT, Bangalore üáÆüá≥Bangalore, India",Thu Feb 07 09:33:30 +0000 2013,194,178,252
"Bangalore, India",829223644467458049,tibacademy,TIB Academy,"Bengaluru, India",We are the top training institute in Bangalore. We offer best software training course with immediate project material. We give assurance to your career.,Wed Feb 08 07:01:37 +0000 2017,440,127,398
"Bangalore, India",36265318,debarko,Debarko De ü¶Å,"Bangalore, India","Computer Science || Engg Manager @Practo, ex @hashcube || #AI, #MachineLearning, #NeuralNetworks, #Javascript || Certified üòâOpen Water Diver üåä, Camera Love üì∑",Wed Apr 29 02:50:36 +0000 2009,210,464,1521
"Bangalore, India",77742172,Jyodsh,Joe,Globetrotter ,2  greater than 4,Sun Sep 27 14:06:11 +0000 2009,187,281,6551
"Bangalore, India",485812614,SumitKothiyal,sumit kothiyal,"Bengaluru South, India",#Blockchain #Ethereum #Hyperledger #Bitcoin #RPA #NextGenAI #HANA #S4HANA #AdvancedAnalytics #IAP #IronmanDaddy #Cricketer #Gymtrainer #SoccerPlayer #FinTech,Tue Feb 07 16:14:28 +0000 2012,376,297,1274
"Bangalore, India",117345684,MuraliMRGS,Murali Margassery,"Bengaluru, India","An adept optimist, traveller and hardcore lover of cinema, Malayali, Founder of @mannira_in",Thu Feb 25 08:27:51 +0000 2010,458,430,5173
"Bangalore, India",117345684,MuraliMRGS,Murali Margassery,"Bengaluru, India","An adept optimist, traveller and hardcore lover of cinema, Malayali, Founder of @mannira_in",Thu Feb 25 08:27:51 +0000 2010,458,430,5173
"Bangalore, India",117345684,MuraliMRGS,Murali Margassery,"Bengaluru, India","An adept optimist, traveller and hardcore lover of cinema, Malayali, Founder of @mannira_in",Thu Feb 25 08:27:51 +0000 2010,458,430,5173
"Bangalore, India",117345684,MuraliMRGS,Murali Margassery,"Bengaluru, India","An adept optimist, traveller and hardcore lover of cinema, Malayali, Founder of @mannira_in",Thu Feb 25 08:27:51 +0000 2010,458,430,5173
"Bangalore, India",117345684,MuraliMRGS,Murali Margassery,"Bengaluru, India","An adept optimist, traveller and hardcore lover of cinema, Malayali, Founder of @mannira_in",Thu Feb 25 08:27:51 +0000 2010,458,430,5173
"Bangalore, India",58746636,paromit,Paramita,"Bengaluru, Karnataka",Sr. Product Manager for SAP Cloud Platform Digital Experience Services. Views tweeted are my own and not from my employer.,Tue Jul 21 08:53:27 +0000 2009,317,301,477
"Bangalore, India",348992099,bubun_s,Bubun,India-UK-EU-UAE-SG-USA,"Freedom of Expression is NOT Absolute.Whether you're an RW-supporter, Leftist, Congressi or Apolitical, if you use cuss words & abuse, you'll be reported üôè",Fri Aug 05 10:35:40 +0000 2011,115,264,20870
"Bangalore, India",117345684,MuraliMRGS,Murali Margassery,"Bengaluru, India","An adept optimist, traveller and hardcore lover of cinema, Malayali, Founder of @mannira_in",Thu Feb 25 08:27:51 +0000 2010,458,430,5173
"Bangalore, India",117345684,MuraliMRGS,Murali Margassery,"Bengaluru, India","An adept optimist, traveller and hardcore lover of cinema, Malayali, Founder of @mannira_in",Thu Feb 25 08:27:51 +0000 2010,458,430,5173
"Bangalore, India",117345684,MuraliMRGS,Murali Margassery,"Bengaluru, India","An adept optimist, traveller and hardcore lover of cinema, Malayali, Founder of @mannira_in",Thu Feb 25 08:27:51 +0000 2010,458,430,5173
"Bangalore, India",84927174,bijoy_menon,Bijoy Menon,"Bengaluru, India","Designer by profession. Easy going, who reads a lot, loves trekking, travelling and like any other guy, mad about auto mobiles.",Sat Oct 24 20:05:08 +0000 2009,440,221,288
"Bangalore, India",117345684,MuraliMRGS,Murali Margassery,"Bengaluru, India","An adept optimist, traveller and hardcore lover of cinema, Malayali, Founder of @mannira_in",Thu Feb 25 08:27:51 +0000 2010,458,430,5173
"Bangalore, India",829223644467458049,tibacademy,TIB Academy,"Bengaluru, India",We are the top training institute in Bangalore. We offer best software training course with immediate project material. We give assurance to your career.,Wed Feb 08 07:01:37 +0000 2017,440,127,398
"Bangalore, India",905100582930620416,amar_ramaraj,Amar,"Bengaluru, India","#LeftofCentre,#Bengaluru #Cuddalore #Kannada #Tamil #Idly #FilterCoffee  #MysoremasalaDosa #Liberal #Secular  #Congressman,#Bhakt of #ParikalNarasimar",Tue Sep 05 16:09:29 +0000 2017,454,140,6142
"Bangalore, India",905100582930620416,amar_ramaraj,Amar,"Bengaluru, India","#LeftofCentre,#Bengaluru #Cuddalore #Kannada #Tamil #Idly #FilterCoffee  #MysoremasalaDosa #Liberal #Secular  #Congressman,#Bhakt of #ParikalNarasimar",Tue Sep 05 16:09:29 +0000 2017,454,140,6142
"Bangalore, India",905100582930620416,amar_ramaraj,Amar,"Bengaluru, India","#LeftofCentre,#Bengaluru #Cuddalore #Kannada #Tamil #Idly #FilterCoffee  #MysoremasalaDosa #Liberal #Secular  #Congressman,#Bhakt of #ParikalNarasimar",Tue Sep 05 16:09:29 +0000 2017,454,140,6142
"Bangalore, India",905100582930620416,amar_ramaraj,Amar,"Bengaluru, India","#LeftofCentre,#Bengaluru #Cuddalore #Kannada #Tamil #Idly #FilterCoffee  #MysoremasalaDosa #Liberal #Secular  #Congressman,#Bhakt of #ParikalNarasimar",Tue Sep 05 16:09:29 +0000 2017,454,140,6142
"Bangalore, India",266727806,vivekmu99,vivek surendran,Bengaluru / Chennai,"Man utd, football, politics, Cinema. Have an opinion on everything! Politics on the Right side.",Tue Mar 15 18:14:22 +0000 2011,278,196,4497
"Bangalore, India",905100582930620416,amar_ramaraj,Amar,"Bengaluru, India","#LeftofCentre,#Bengaluru #Cuddalore #Kannada #Tamil #Idly #FilterCoffee  #MysoremasalaDosa #Liberal #Secular  #Congressman,#Bhakt of #ParikalNarasimar",Tue Sep 05 16:09:29 +0000 2017,454,140,6142
"Bangalore, India",1263466418,iamparthapsr,Partha Sarathi Rath,Jagannath Dham‚ùÑÔ∏è,"Software Engineer (BLR)üíïFAN OF @iamsrküòç@msdhoniüïµÔ∏è‚Äç‚ôÄÔ∏èSRKMSDforever‚ù§Ô∏èhttps://t.co/Cru5gDm6Je üëàüíí@varun_dvn Reply Me 09/07/18,9.27PMüí´",Wed Mar 13 03:25:12 +0000 2013,232,182,2199
"Bangalore, India",722309450455851009,bluetimbremusic,BlueTimbre,"Whitefield, Bangalore, India","BlueTimbre Music delivers premium Music Education services, Jam Room facilities and a full fledged recording studio in India.",Tue Apr 19 06:22:47 +0000 2016,440,195,1183
"Bangalore, India",1263466418,iamparthapsr,Partha Sarathi Rath,Jagannath Dham‚ùÑÔ∏è,"Software Engineer (BLR)üíïFAN OF @iamsrküòç@msdhoniüïµÔ∏è‚Äç‚ôÄÔ∏èSRKMSDforever‚ù§Ô∏èhttps://t.co/Cru5gDm6Je üëàüíí@varun_dvn Reply Me 09/07/18,9.27PMüí´",Wed Mar 13 03:25:12 +0000 2013,232,182,2199
"Bangalore, India",602620423,manangandhi777,M A N A N,25lightyears away from earth ,Well known expert on nothing|certified liar | foodie|pajama wearer|insta id,Fri Jun 08 09:36:37 +0000 2012,420,395,30116
"Bangalore, India",124792238,Varun_Kini,Varun Kini,"Bengaluru, India",Guitarist. Singer. Cynical advisor. Political enthusiast. Realistic patriot. DotA fanatic. Critical friend.,Sat Mar 20 15:40:00 +0000 2010,213,173,356
"Bangalore, India",602620423,manangandhi777,M A N A N,25lightyears away from earth ,Well known expert on nothing|certified liar | foodie|pajama wearer|insta id,Fri Jun 08 09:36:37 +0000 2012,420,395,30116
"Bangalore, India",829223644467458049,tibacademy,TIB Academy,"Bengaluru, India",We are the top training institute in Bangalore. We offer best software training course with immediate project material. We give assurance to your career.,Wed Feb 08 07:01:37 +0000 2017,440,127,398
"Bangalore, India",2417074957,keshavpsc,‡§∏‡§ø‡§Ç‡§π‡§ï‡•á‡§∂‡§µ SinghKeshav,"Bangalore, Lucknow",IT Mazdoorüë®üèΩ‚Äçüíª(Software Engineer),Sat Mar 29 06:49:34 +0000 2014,180,106,723
"Bangalore, India",297925199,vyshakhvinod52,Vyshakh Vinod,"Bengaluru, India","Gourmet, Traveller, cryptojunkie",Fri May 13 11:00:26 +0000 2011,182,105,126
"Bangalore, India",178634830,SahRckr,Sahil Satishkumar,"Bengaluru, India",Full Stack JS Developer @dataphilabs,Sun Aug 15 07:49:42 +0000 2010,220,184,344
"Bangalore, India",440214809,theManikJindal,Manik Jindal,"Bengaluru, India",Engineer. Plays & Makes Games. Writes a Blog. Trying his hand at Theater. Socially Active. Politically Opinionated. Converted Vegetarian. Teetotaler. Meditates!,Sun Dec 18 18:21:24 +0000 2011,219,408,4127
"Bangalore, India",77742172,Jyodsh,Joe,Globetrotter ,2  greater than 4,Sun Sep 27 14:06:11 +0000 2009,187,281,6551
"Bangalore, India",295787276,RagsLondon,Rags Raghavendra,"Bengaluru, India",believer of industrialized approach to analytics; golf afficianado; into elements of yoga & discovery of religion through history; speak 4 languages!,Mon May 09 17:23:14 +0000 2011,316,174,1113
"Bangalore, India",166470442,followdcounsel,Ashish Krupakar,"Bangalore, Karnataka",Fighting for justice - for a fee. Bangalorean. Shuddha Kannadiga. Coffee Aficionado.  Metal Head. Enough said.,Wed Jul 14 06:37:48 +0000 2010,189,183,4333
"Bangalore, India",869581636148527106,SunielGadavi,üê¶Suniel.Gadavi,"Pune, India","A creative soul.civil engineer and architect love reading,music,drawing,poetry,fun loving,easy going, lazy but do things at right time.",Tue May 30 15:49:52 +0000 2017,415,213,5379
"Bangalore, India",253113586,manojkchandar,Manojkumar C,"Bengaluru, India",Ask me #How? to Set up #SocialMediaHub | #DigitalMarketing and Strategy planing for your Business | Better your Website and Blog's Performance | Increase CTRs,Wed Feb 16 15:47:56 +0000 2011,215,179,839
"Bangalore, India",869581636148527106,SunielGadavi,üê¶Suniel.Gadavi,"Pune, India","A creative soul.civil engineer and architect love reading,music,drawing,poetry,fun loving,easy going, lazy but do things at right time.",Tue May 30 15:49:52 +0000 2017,415,213,5379
"Bangkok, Thailand",289323931,MonkuMonkuro,Monkuro.KSP,Chiangmai Thailand,"‡∏£‡∏µ‡∏ó‡∏ß‡∏¥‡∏ï‡πÄ‡∏õ‡πá‡∏ô‡∏Å‡∏¥‡∏à‡∏ó‡∏µ‡πà1 Siriraj Hospital, #Mahidol University. #MU30. #NS121 IG:Monkuro.Kritsanapong",Thu Apr 28 12:57:25 +0000 2011,449,233,23037
"Bangkok, Thailand",208126894,JiraaaK,I'm manager‚ô†Ô∏è,mahidol university,fall in love with #thetoys,Tue Oct 26 17:47:19 +0000 2010,261,122,26391
"Bangkok, Thailand",208126894,JiraaaK,I'm manager‚ô†Ô∏è,mahidol university,fall in love with #thetoys,Tue Oct 26 17:47:19 +0000 2010,261,122,26391
"Bangkok, Thailand",285027716,kamonkonnarak,‡∏ï‡∏á‡∏ã‡∏±‡∏ô‡πÑ‡∏ä‡πà‡∏Ç‡∏≠‡∏á‡πÄ‡∏ï‡πâ‡∏≤‡∏´‡∏°‡∏¥‡∏á‡∏ã‡∏∑‡πà‡∏≠üíó,"Bangkok, Thailand",it's dark inside ; it's where my demon hide,Wed Apr 20 12:02:09 +0000 2011,253,234,92796
"Bangkok, Thailand",4566073334,nmminttp_,NJüå®‚ú®,BKKüáπüá≠ | HLJüá®üá≥,ÁéãÊ¢ìÊ∂µ | Independent | —ïp Ôºö15/12/2015 | ÏõåÎÑàÏôÑ Î∞ïÏßÄÌõà ÎùºÏù¥Í¥ÄÎ¶∞ Ïù¥ÎåÄÌúò | @wannaone_twt | Ïú†ÏÑ†Ìò∏ | @cube_yooseonho | #s_xnnminttp_ | #‡∏£‡∏ß‡∏ö‡∏£‡∏ß‡∏°‡∏Ñ‡∏ß‡∏≤‡∏°‡∏ô‡πà‡∏≤‡∏£‡∏±‡∏Å‡∏Ç‡∏≠‡∏á‡πÇ‡∏Æ‡∏™‡∏Å‡∏π | #atchina_nnminttp_ |,Tue Dec 15 13:15:10 +0000 2015,350,112,108487
"Bangkok, Thailand",970100172,ptpcyst,Paew J.,Somewhere outside the world,‡∏´‡∏•‡∏¥‡∏ô‡∏ô‡∏ô‡∏ôüòç// ‡∏•‡∏±‡∏ó‡∏ò‡∏¥‡∏≠‡πâ‡∏≤‡∏¢‡πÅ‡∏ûüíì//‡∏ï‡∏¥‡πà‡∏á‡πÅ‡∏ö‡∏î‡∏à‡∏µ‡∏ôüá®üá≥//#yfu19üá∫üá∏// ‡πÄ‡∏ä‡∏µ‡∏¢‡∏£‡πå‡πÄ‡∏ö‡∏Ñ‡πÜ‡∏™‡∏∏‡∏î‡πÉ‡∏à ‡∏™‡∏π‡πâ‡πÜüê∑üáπüá≠// TROYEüíü // SCRUBB‚ù£Ô∏è // ‡∏ä‡∏¥‡∏õ‡∏ó‡∏∏‡∏Å‡∏Ñ‡∏π‡πà ‡∏≠‡∏¢‡∏π‡πà‡∏ó‡∏∏‡∏Å‡πÄ‡∏£‡∏∑‡∏≠ //‡∏à‡∏¥‡∏ô‡∏Æ‡∏ß‡∏µ// ‡∏ä‡∏µ‡∏ß‡∏¥‡∏ï‡∏ï‡∏¥‡∏î‡∏ü‡∏¥‡∏Ñ,Sun Nov 25 14:14:56 +0000 2012,481,227,86335
"Bangkok, Thailand",1217359087,IbanezHanHaNa,Ìïú ÌïòÎÇò,‡∏≠‡∏¢‡∏π‡πà‡πÄ‡∏õ‡πá‡∏ô‡∏≠‡∏¥‡∏ô‡∏™‡∏õ‡∏£‡∏¥‡∏ó‡∏Ç‡∏≠‡∏á‡∏≠‡∏¥‡∏ô‡∏ü‡∏¥‡∏ô‡∏¥‡∏ó,"Ï†ÄÎäî ÌïúÌïòÎÇò ÌÉúÍµ≠ Ïù∏Ïä§ÌîºÎ¶øÏûÑÎãàÎã§ (#ÍπÄÏÑ±Í∑ú & #ÎÇ®Ïö∞ÌòÑ) Ïù∏ÌîºÎãàÌä∏ ÌååÏù¥ÌåÖ!!!! ‡∏à‡∏∞‡∏≠‡∏¢‡∏π‡πà‡πÄ‡∏õ‡πá‡∏ô‡∏≠‡∏¥‡∏ô‡∏™‡∏õ‡∏¥‡∏£‡∏¥‡∏ó ‡πÄ‡∏û‡∏∑‡πà‡∏≠‡∏≠‡∏¥‡∏ô‡∏ü‡∏¥‡∏ô‡∏¥‡∏ó‡∏ï‡∏•‡∏≠‡∏î‡πÑ‡∏õ ^_^ , Golden_Child, Í≥®ÎìúÎãàÏä§ #ÍπÄÏßÄÎ≤î #Î¥âÏû¨ÌòÑ üíï",Mon Feb 25 05:10:31 +0000 2013,279,319,47846
"Bangkok, Thailand",2258992134,FuseDEX,‡∏Ñ‡∏¥‡∏î‡πÑ‡∏°‡πà‡∏≠‡∏≠‡∏Å‡πÉ‡∏´‡πâ‡∏ó‡∏≥‡∏õ‡∏≤‡∏Å‡∏à‡∏π‡πã‡∏Ñ‡∏±‡∏ö,Under the stars of Aries,‡πÄ‡∏Ñ‡∏¢‡∏°‡∏µ‡∏ï‡∏≥‡∏ô‡∏≤‡∏ô‡πÄ‡∏•‡πà‡∏≤‡∏ñ‡∏∂‡∏á ‡∏≠‡∏≤‡∏ó‡∏¥‡∏ï‡∏¢‡πå‡∏ó‡∏µ‡πà‡πÑ‡∏°‡πà‡πÄ‡∏Ñ‡∏¢‡∏î‡∏±‡∏ö‡πÉ‡∏ô‡∏î‡∏¥‡∏ô‡πÅ‡∏î‡∏ô‡∏ô‡πâ‡∏≥‡πÅ‡∏Ç‡πá‡∏á ‡∏ó‡πà‡∏≤‡∏°‡∏Å‡∏•‡∏≤‡∏á‡∏≠‡∏≤‡∏Å‡∏≤‡∏®‡∏´‡∏ô‡∏≤‡∏ß‡πÄ‡∏¢‡πá‡∏ô ‡∏°‡∏µ‡∏î‡∏≠‡∏Å‡πÄ‡∏Å‡∏•‡πá‡∏î‡∏´‡∏¥‡∏°‡∏∞‡∏Ç‡∏∂‡πâ‡∏ô‡∏á‡∏≤‡∏°‡πÑ‡∏î‡πâ,Mon Dec 23 14:23:11 +0000 2013,285,351,45730
"Bangkok, Thailand",1217359087,IbanezHanHaNa,Ìïú ÌïòÎÇò,‡∏≠‡∏¢‡∏π‡πà‡πÄ‡∏õ‡πá‡∏ô‡∏≠‡∏¥‡∏ô‡∏™‡∏õ‡∏£‡∏¥‡∏ó‡∏Ç‡∏≠‡∏á‡∏≠‡∏¥‡∏ô‡∏ü‡∏¥‡∏ô‡∏¥‡∏ó,"Ï†ÄÎäî ÌïúÌïòÎÇò ÌÉúÍµ≠ Ïù∏Ïä§ÌîºÎ¶øÏûÑÎãàÎã§ (#ÍπÄÏÑ±Í∑ú & #ÎÇ®Ïö∞ÌòÑ) Ïù∏ÌîºÎãàÌä∏ ÌååÏù¥ÌåÖ!!!! ‡∏à‡∏∞‡∏≠‡∏¢‡∏π‡πà‡πÄ‡∏õ‡πá‡∏ô‡∏≠‡∏¥‡∏ô‡∏™‡∏õ‡∏¥‡∏£‡∏¥‡∏ó ‡πÄ‡∏û‡∏∑‡πà‡∏≠‡∏≠‡∏¥‡∏ô‡∏ü‡∏¥‡∏ô‡∏¥‡∏ó‡∏ï‡∏•‡∏≠‡∏î‡πÑ‡∏õ ^_^ , Golden_Child, Í≥®ÎìúÎãàÏä§ #ÍπÄÏßÄÎ≤î #Î¥âÏû¨ÌòÑ üíï",Mon Feb 25 05:10:31 +0000 2013,279,319,47846
"Bangkok, Thailand",2258992134,FuseDEX,‡∏Ñ‡∏¥‡∏î‡πÑ‡∏°‡πà‡∏≠‡∏≠‡∏Å‡πÉ‡∏´‡πâ‡∏ó‡∏≥‡∏õ‡∏≤‡∏Å‡∏à‡∏π‡πã‡∏Ñ‡∏±‡∏ö,Under the stars of Aries,‡πÄ‡∏Ñ‡∏¢‡∏°‡∏µ‡∏ï‡∏≥‡∏ô‡∏≤‡∏ô‡πÄ‡∏•‡πà‡∏≤‡∏ñ‡∏∂‡∏á ‡∏≠‡∏≤‡∏ó‡∏¥‡∏ï‡∏¢‡πå‡∏ó‡∏µ‡πà‡πÑ‡∏°‡πà‡πÄ‡∏Ñ‡∏¢‡∏î‡∏±‡∏ö‡πÉ‡∏ô‡∏î‡∏¥‡∏ô‡πÅ‡∏î‡∏ô‡∏ô‡πâ‡∏≥‡πÅ‡∏Ç‡πá‡∏á ‡∏ó‡πà‡∏≤‡∏°‡∏Å‡∏•‡∏≤‡∏á‡∏≠‡∏≤‡∏Å‡∏≤‡∏®‡∏´‡∏ô‡∏≤‡∏ß‡πÄ‡∏¢‡πá‡∏ô ‡∏°‡∏µ‡∏î‡∏≠‡∏Å‡πÄ‡∏Å‡∏•‡πá‡∏î‡∏´‡∏¥‡∏°‡∏∞‡∏Ç‡∏∂‡πâ‡∏ô‡∏á‡∏≤‡∏°‡πÑ‡∏î‡πâ,Mon Dec 23 14:23:11 +0000 2013,285,351,45730
"Bangkok, Thailand",2258992134,FuseDEX,‡∏Ñ‡∏¥‡∏î‡πÑ‡∏°‡πà‡∏≠‡∏≠‡∏Å‡πÉ‡∏´‡πâ‡∏ó‡∏≥‡∏õ‡∏≤‡∏Å‡∏à‡∏π‡πã‡∏Ñ‡∏±‡∏ö,Under the stars of Aries,‡πÄ‡∏Ñ‡∏¢‡∏°‡∏µ‡∏ï‡∏≥‡∏ô‡∏≤‡∏ô‡πÄ‡∏•‡πà‡∏≤‡∏ñ‡∏∂‡∏á ‡∏≠‡∏≤‡∏ó‡∏¥‡∏ï‡∏¢‡πå‡∏ó‡∏µ‡πà‡πÑ‡∏°‡πà‡πÄ‡∏Ñ‡∏¢‡∏î‡∏±‡∏ö‡πÉ‡∏ô‡∏î‡∏¥‡∏ô‡πÅ‡∏î‡∏ô‡∏ô‡πâ‡∏≥‡πÅ‡∏Ç‡πá‡∏á ‡∏ó‡πà‡∏≤‡∏°‡∏Å‡∏•‡∏≤‡∏á‡∏≠‡∏≤‡∏Å‡∏≤‡∏®‡∏´‡∏ô‡∏≤‡∏ß‡πÄ‡∏¢‡πá‡∏ô ‡∏°‡∏µ‡∏î‡∏≠‡∏Å‡πÄ‡∏Å‡∏•‡πá‡∏î‡∏´‡∏¥‡∏°‡∏∞‡∏Ç‡∏∂‡πâ‡∏ô‡∏á‡∏≤‡∏°‡πÑ‡∏î‡πâ,Mon Dec 23 14:23:11 +0000 2013,285,351,45730
"Bangkok, Thailand",2258992134,FuseDEX,‡∏Ñ‡∏¥‡∏î‡πÑ‡∏°‡πà‡∏≠‡∏≠‡∏Å‡πÉ‡∏´‡πâ‡∏ó‡∏≥‡∏õ‡∏≤‡∏Å‡∏à‡∏π‡πã‡∏Ñ‡∏±‡∏ö,Under the stars of Aries,‡πÄ‡∏Ñ‡∏¢‡∏°‡∏µ‡∏ï‡∏≥‡∏ô‡∏≤‡∏ô‡πÄ‡∏•‡πà‡∏≤‡∏ñ‡∏∂‡∏á ‡∏≠‡∏≤‡∏ó‡∏¥‡∏ï‡∏¢‡πå‡∏ó‡∏µ‡πà‡πÑ‡∏°‡πà‡πÄ‡∏Ñ‡∏¢‡∏î‡∏±‡∏ö‡πÉ‡∏ô‡∏î‡∏¥‡∏ô‡πÅ‡∏î‡∏ô‡∏ô‡πâ‡∏≥‡πÅ‡∏Ç‡πá‡∏á ‡∏ó‡πà‡∏≤‡∏°‡∏Å‡∏•‡∏≤‡∏á‡∏≠‡∏≤‡∏Å‡∏≤‡∏®‡∏´‡∏ô‡∏≤‡∏ß‡πÄ‡∏¢‡πá‡∏ô ‡∏°‡∏µ‡∏î‡∏≠‡∏Å‡πÄ‡∏Å‡∏•‡πá‡∏î‡∏´‡∏¥‡∏°‡∏∞‡∏Ç‡∏∂‡πâ‡∏ô‡∏á‡∏≤‡∏°‡πÑ‡∏î‡πâ,Mon Dec 23 14:23:11 +0000 2013,285,351,45730
"Bangkok, Thailand",2258992134,FuseDEX,‡∏Ñ‡∏¥‡∏î‡πÑ‡∏°‡πà‡∏≠‡∏≠‡∏Å‡πÉ‡∏´‡πâ‡∏ó‡∏≥‡∏õ‡∏≤‡∏Å‡∏à‡∏π‡πã‡∏Ñ‡∏±‡∏ö,Under the stars of Aries,‡πÄ‡∏Ñ‡∏¢‡∏°‡∏µ‡∏ï‡∏≥‡∏ô‡∏≤‡∏ô‡πÄ‡∏•‡πà‡∏≤‡∏ñ‡∏∂‡∏á ‡∏≠‡∏≤‡∏ó‡∏¥‡∏ï‡∏¢‡πå‡∏ó‡∏µ‡πà‡πÑ‡∏°‡πà‡πÄ‡∏Ñ‡∏¢‡∏î‡∏±‡∏ö‡πÉ‡∏ô‡∏î‡∏¥‡∏ô‡πÅ‡∏î‡∏ô‡∏ô‡πâ‡∏≥‡πÅ‡∏Ç‡πá‡∏á ‡∏ó‡πà‡∏≤‡∏°‡∏Å‡∏•‡∏≤‡∏á‡∏≠‡∏≤‡∏Å‡∏≤‡∏®‡∏´‡∏ô‡∏≤‡∏ß‡πÄ‡∏¢‡πá‡∏ô ‡∏°‡∏µ‡∏î‡∏≠‡∏Å‡πÄ‡∏Å‡∏•‡πá‡∏î‡∏´‡∏¥‡∏°‡∏∞‡∏Ç‡∏∂‡πâ‡∏ô‡∏á‡∏≤‡∏°‡πÑ‡∏î‡πâ,Mon Dec 23 14:23:11 +0000 2013,285,351,45730
"Bangkok, Thailand",2258992134,FuseDEX,‡∏Ñ‡∏¥‡∏î‡πÑ‡∏°‡πà‡∏≠‡∏≠‡∏Å‡πÉ‡∏´‡πâ‡∏ó‡∏≥‡∏õ‡∏≤‡∏Å‡∏à‡∏π‡πã‡∏Ñ‡∏±‡∏ö,Under the stars of Aries,‡πÄ‡∏Ñ‡∏¢‡∏°‡∏µ‡∏ï‡∏≥‡∏ô‡∏≤‡∏ô‡πÄ‡∏•‡πà‡∏≤‡∏ñ‡∏∂‡∏á ‡∏≠‡∏≤‡∏ó‡∏¥‡∏ï‡∏¢‡πå‡∏ó‡∏µ‡πà‡πÑ‡∏°‡πà‡πÄ‡∏Ñ‡∏¢‡∏î‡∏±‡∏ö‡πÉ‡∏ô‡∏î‡∏¥‡∏ô‡πÅ‡∏î‡∏ô‡∏ô‡πâ‡∏≥‡πÅ‡∏Ç‡πá‡∏á ‡∏ó‡πà‡∏≤‡∏°‡∏Å‡∏•‡∏≤‡∏á‡∏≠‡∏≤‡∏Å‡∏≤‡∏®‡∏´‡∏ô‡∏≤‡∏ß‡πÄ‡∏¢‡πá‡∏ô ‡∏°‡∏µ‡∏î‡∏≠‡∏Å‡πÄ‡∏Å‡∏•‡πá‡∏î‡∏´‡∏¥‡∏°‡∏∞‡∏Ç‡∏∂‡πâ‡∏ô‡∏á‡∏≤‡∏°‡πÑ‡∏î‡πâ,Mon Dec 23 14:23:11 +0000 2013,285,351,45730
"Bangkok, Thailand",2258992134,FuseDEX,‡∏Ñ‡∏¥‡∏î‡πÑ‡∏°‡πà‡∏≠‡∏≠‡∏Å‡πÉ‡∏´‡πâ‡∏ó‡∏≥‡∏õ‡∏≤‡∏Å‡∏à‡∏π‡πã‡∏Ñ‡∏±‡∏ö,Under the stars of Aries,‡πÄ‡∏Ñ‡∏¢‡∏°‡∏µ‡∏ï‡∏≥‡∏ô‡∏≤‡∏ô‡πÄ‡∏•‡πà‡∏≤‡∏ñ‡∏∂‡∏á ‡∏≠‡∏≤‡∏ó‡∏¥‡∏ï‡∏¢‡πå‡∏ó‡∏µ‡πà‡πÑ‡∏°‡πà‡πÄ‡∏Ñ‡∏¢‡∏î‡∏±‡∏ö‡πÉ‡∏ô‡∏î‡∏¥‡∏ô‡πÅ‡∏î‡∏ô‡∏ô‡πâ‡∏≥‡πÅ‡∏Ç‡πá‡∏á ‡∏ó‡πà‡∏≤‡∏°‡∏Å‡∏•‡∏≤‡∏á‡∏≠‡∏≤‡∏Å‡∏≤‡∏®‡∏´‡∏ô‡∏≤‡∏ß‡πÄ‡∏¢‡πá‡∏ô ‡∏°‡∏µ‡∏î‡∏≠‡∏Å‡πÄ‡∏Å‡∏•‡πá‡∏î‡∏´‡∏¥‡∏°‡∏∞‡∏Ç‡∏∂‡πâ‡∏ô‡∏á‡∏≤‡∏°‡πÑ‡∏î‡πâ,Mon Dec 23 14:23:11 +0000 2013,285,351,45730
"Bangkok, Thailand",2258992134,FuseDEX,‡∏Ñ‡∏¥‡∏î‡πÑ‡∏°‡πà‡∏≠‡∏≠‡∏Å‡πÉ‡∏´‡πâ‡∏ó‡∏≥‡∏õ‡∏≤‡∏Å‡∏à‡∏π‡πã‡∏Ñ‡∏±‡∏ö,Under the stars of Aries,‡πÄ‡∏Ñ‡∏¢‡∏°‡∏µ‡∏ï‡∏≥‡∏ô‡∏≤‡∏ô‡πÄ‡∏•‡πà‡∏≤‡∏ñ‡∏∂‡∏á ‡∏≠‡∏≤‡∏ó‡∏¥‡∏ï‡∏¢‡πå‡∏ó‡∏µ‡πà‡πÑ‡∏°‡πà‡πÄ‡∏Ñ‡∏¢‡∏î‡∏±‡∏ö‡πÉ‡∏ô‡∏î‡∏¥‡∏ô‡πÅ‡∏î‡∏ô‡∏ô‡πâ‡∏≥‡πÅ‡∏Ç‡πá‡∏á ‡∏ó‡πà‡∏≤‡∏°‡∏Å‡∏•‡∏≤‡∏á‡∏≠‡∏≤‡∏Å‡∏≤‡∏®‡∏´‡∏ô‡∏≤‡∏ß‡πÄ‡∏¢‡πá‡∏ô ‡∏°‡∏µ‡∏î‡∏≠‡∏Å‡πÄ‡∏Å‡∏•‡πá‡∏î‡∏´‡∏¥‡∏°‡∏∞‡∏Ç‡∏∂‡πâ‡∏ô‡∏á‡∏≤‡∏°‡πÑ‡∏î‡πâ,Mon Dec 23 14:23:11 +0000 2013,285,351,45730
"Bangkok, Thailand",456678051,vanutchapron,n,"Bangkok, Thailand",(ÔΩ°ÔΩ•Àá_ÀáÔΩ•ÔΩ°) directioner xEXO-L /vllll x NCTüåà üíö,Fri Jan 06 14:41:37 +0000 2012,242,394,32458
"Bangkok, Thailand",2258992134,FuseDEX,‡∏Ñ‡∏¥‡∏î‡πÑ‡∏°‡πà‡∏≠‡∏≠‡∏Å‡πÉ‡∏´‡πâ‡∏ó‡∏≥‡∏õ‡∏≤‡∏Å‡∏à‡∏π‡πã‡∏Ñ‡∏±‡∏ö,Under the stars of Aries,‡πÄ‡∏Ñ‡∏¢‡∏°‡∏µ‡∏ï‡∏≥‡∏ô‡∏≤‡∏ô‡πÄ‡∏•‡πà‡∏≤‡∏ñ‡∏∂‡∏á ‡∏≠‡∏≤‡∏ó‡∏¥‡∏ï‡∏¢‡πå‡∏ó‡∏µ‡πà‡πÑ‡∏°‡πà‡πÄ‡∏Ñ‡∏¢‡∏î‡∏±‡∏ö‡πÉ‡∏ô‡∏î‡∏¥‡∏ô‡πÅ‡∏î‡∏ô‡∏ô‡πâ‡∏≥‡πÅ‡∏Ç‡πá‡∏á ‡∏ó‡πà‡∏≤‡∏°‡∏Å‡∏•‡∏≤‡∏á‡∏≠‡∏≤‡∏Å‡∏≤‡∏®‡∏´‡∏ô‡∏≤‡∏ß‡πÄ‡∏¢‡πá‡∏ô ‡∏°‡∏µ‡∏î‡∏≠‡∏Å‡πÄ‡∏Å‡∏•‡πá‡∏î‡∏´‡∏¥‡∏°‡∏∞‡∏Ç‡∏∂‡πâ‡∏ô‡∏á‡∏≤‡∏°‡πÑ‡∏î‡πâ,Mon Dec 23 14:23:11 +0000 2013,285,351,45730
"Bangkok, Thailand",2258992134,FuseDEX,‡∏Ñ‡∏¥‡∏î‡πÑ‡∏°‡πà‡∏≠‡∏≠‡∏Å‡πÉ‡∏´‡πâ‡∏ó‡∏≥‡∏õ‡∏≤‡∏Å‡∏à‡∏π‡πã‡∏Ñ‡∏±‡∏ö,Under the stars of Aries,‡πÄ‡∏Ñ‡∏¢‡∏°‡∏µ‡∏ï‡∏≥‡∏ô‡∏≤‡∏ô‡πÄ‡∏•‡πà‡∏≤‡∏ñ‡∏∂‡∏á ‡∏≠‡∏≤‡∏ó‡∏¥‡∏ï‡∏¢‡πå‡∏ó‡∏µ‡πà‡πÑ‡∏°‡πà‡πÄ‡∏Ñ‡∏¢‡∏î‡∏±‡∏ö‡πÉ‡∏ô‡∏î‡∏¥‡∏ô‡πÅ‡∏î‡∏ô‡∏ô‡πâ‡∏≥‡πÅ‡∏Ç‡πá‡∏á ‡∏ó‡πà‡∏≤‡∏°‡∏Å‡∏•‡∏≤‡∏á‡∏≠‡∏≤‡∏Å‡∏≤‡∏®‡∏´‡∏ô‡∏≤‡∏ß‡πÄ‡∏¢‡πá‡∏ô ‡∏°‡∏µ‡∏î‡∏≠‡∏Å‡πÄ‡∏Å‡∏•‡πá‡∏î‡∏´‡∏¥‡∏°‡∏∞‡∏Ç‡∏∂‡πâ‡∏ô‡∏á‡∏≤‡∏°‡πÑ‡∏î‡πâ,Mon Dec 23 14:23:11 +0000 2013,285,351,45730
"Bangkok, Thailand",454768398,jahjahnp,lalit,"Bangkok, Thailand",enjoy the little things // ‡∏û‡∏∑‡πâ‡∏ô‡∏ó‡∏µ‡πà‡∏Ç‡∏≠‡∏á‡∏Ñ‡∏ß‡∏≤‡∏°‡∏™‡∏∏‡∏Ç‡πÄ‡∏•‡πá‡∏Å‡πÜ,Wed Jan 04 10:53:14 +0000 2012,174,144,22617
"Bangkok, Thailand",456678051,vanutchapron,n,"Bangkok, Thailand",(ÔΩ°ÔΩ•Àá_ÀáÔΩ•ÔΩ°) directioner xEXO-L /vllll x NCTüåà üíö,Fri Jan 06 14:41:37 +0000 2012,242,394,32458
"Bangkok, Thailand",313974250,TinyTid,‡∏ï‡∏¥‡πä‡∏î‡∏â‡∏î‡πÉ‡∏â‚ô°,"Bangkok, Thailand",Rajini 109 Ôºä Thammasat ‚òÉ,Thu Jun 09 14:22:38 +0000 2011,253,226,68062
"Bangkok, Thailand",313974250,TinyTid,‡∏ï‡∏¥‡πä‡∏î‡∏â‡∏î‡πÉ‡∏â‚ô°,"Bangkok, Thailand",Rajini 109 Ôºä Thammasat ‚òÉ,Thu Jun 09 14:22:38 +0000 2011,253,226,68062
"Bangkok, Thailand",313974250,TinyTid,‡∏ï‡∏¥‡πä‡∏î‡∏â‡∏î‡πÉ‡∏â‚ô°,"Bangkok, Thailand",Rajini 109 Ôºä Thammasat ‚òÉ,Thu Jun 09 14:22:38 +0000 2011,253,226,68062
"Bangkok, Thailand",313974250,TinyTid,‡∏ï‡∏¥‡πä‡∏î‡∏â‡∏î‡πÉ‡∏â‚ô°,"Bangkok, Thailand",Rajini 109 Ôºä Thammasat ‚òÉ,Thu Jun 09 14:22:38 +0000 2011,253,226,68062
"Bangkok, Thailand",2258992134,FuseDEX,‡∏Ñ‡∏¥‡∏î‡πÑ‡∏°‡πà‡∏≠‡∏≠‡∏Å‡πÉ‡∏´‡πâ‡∏ó‡∏≥‡∏õ‡∏≤‡∏Å‡∏à‡∏π‡πã‡∏Ñ‡∏±‡∏ö,Under the stars of Aries,‡πÄ‡∏Ñ‡∏¢‡∏°‡∏µ‡∏ï‡∏≥‡∏ô‡∏≤‡∏ô‡πÄ‡∏•‡πà‡∏≤‡∏ñ‡∏∂‡∏á ‡∏≠‡∏≤‡∏ó‡∏¥‡∏ï‡∏¢‡πå‡∏ó‡∏µ‡πà‡πÑ‡∏°‡πà‡πÄ‡∏Ñ‡∏¢‡∏î‡∏±‡∏ö‡πÉ‡∏ô‡∏î‡∏¥‡∏ô‡πÅ‡∏î‡∏ô‡∏ô‡πâ‡∏≥‡πÅ‡∏Ç‡πá‡∏á ‡∏ó‡πà‡∏≤‡∏°‡∏Å‡∏•‡∏≤‡∏á‡∏≠‡∏≤‡∏Å‡∏≤‡∏®‡∏´‡∏ô‡∏≤‡∏ß‡πÄ‡∏¢‡πá‡∏ô ‡∏°‡∏µ‡∏î‡∏≠‡∏Å‡πÄ‡∏Å‡∏•‡πá‡∏î‡∏´‡∏¥‡∏°‡∏∞‡∏Ç‡∏∂‡πâ‡∏ô‡∏á‡∏≤‡∏°‡πÑ‡∏î‡πâ,Mon Dec 23 14:23:11 +0000 2013,285,351,45730
"Bangkok, Thailand",2258992134,FuseDEX,‡∏Ñ‡∏¥‡∏î‡πÑ‡∏°‡πà‡∏≠‡∏≠‡∏Å‡πÉ‡∏´‡πâ‡∏ó‡∏≥‡∏õ‡∏≤‡∏Å‡∏à‡∏π‡πã‡∏Ñ‡∏±‡∏ö,Under the stars of Aries,‡πÄ‡∏Ñ‡∏¢‡∏°‡∏µ‡∏ï‡∏≥‡∏ô‡∏≤‡∏ô‡πÄ‡∏•‡πà‡∏≤‡∏ñ‡∏∂‡∏á ‡∏≠‡∏≤‡∏ó‡∏¥‡∏ï‡∏¢‡πå‡∏ó‡∏µ‡πà‡πÑ‡∏°‡πà‡πÄ‡∏Ñ‡∏¢‡∏î‡∏±‡∏ö‡πÉ‡∏ô‡∏î‡∏¥‡∏ô‡πÅ‡∏î‡∏ô‡∏ô‡πâ‡∏≥‡πÅ‡∏Ç‡πá‡∏á ‡∏ó‡πà‡∏≤‡∏°‡∏Å‡∏•‡∏≤‡∏á‡∏≠‡∏≤‡∏Å‡∏≤‡∏®‡∏´‡∏ô‡∏≤‡∏ß‡πÄ‡∏¢‡πá‡∏ô ‡∏°‡∏µ‡∏î‡∏≠‡∏Å‡πÄ‡∏Å‡∏•‡πá‡∏î‡∏´‡∏¥‡∏°‡∏∞‡∏Ç‡∏∂‡πâ‡∏ô‡∏á‡∏≤‡∏°‡πÑ‡∏î‡πâ,Mon Dec 23 14:23:11 +0000 2013,285,351,45730
"Bangkok, Thailand",763860739,poppp_wp,P.,"Bangkok, Thailand","Will you love me, even with my dark side?",Fri Aug 17 14:53:42 +0000 2012,355,451,36019
"Bangkok, Thailand",763860739,poppp_wp,P.,"Bangkok, Thailand","Will you love me, even with my dark side?",Fri Aug 17 14:53:42 +0000 2012,355,451,36019
"Bangkok, Thailand",285027716,kamonkonnarak,‡∏ï‡∏á‡∏ã‡∏±‡∏ô‡πÑ‡∏ä‡πà‡∏Ç‡∏≠‡∏á‡πÄ‡∏ï‡πâ‡∏≤‡∏´‡∏°‡∏¥‡∏á‡∏ã‡∏∑‡πà‡∏≠üíó,"Bangkok, Thailand",it's dark inside ; it's where my demon hide,Wed Apr 20 12:02:09 +0000 2011,253,234,92796
"Bangkok, Thailand",2258992134,FuseDEX,‡∏Ñ‡∏¥‡∏î‡πÑ‡∏°‡πà‡∏≠‡∏≠‡∏Å‡πÉ‡∏´‡πâ‡∏ó‡∏≥‡∏õ‡∏≤‡∏Å‡∏à‡∏π‡πã‡∏Ñ‡∏±‡∏ö,Under the stars of Aries,‡πÄ‡∏Ñ‡∏¢‡∏°‡∏µ‡∏ï‡∏≥‡∏ô‡∏≤‡∏ô‡πÄ‡∏•‡πà‡∏≤‡∏ñ‡∏∂‡∏á ‡∏≠‡∏≤‡∏ó‡∏¥‡∏ï‡∏¢‡πå‡∏ó‡∏µ‡πà‡πÑ‡∏°‡πà‡πÄ‡∏Ñ‡∏¢‡∏î‡∏±‡∏ö‡πÉ‡∏ô‡∏î‡∏¥‡∏ô‡πÅ‡∏î‡∏ô‡∏ô‡πâ‡∏≥‡πÅ‡∏Ç‡πá‡∏á ‡∏ó‡πà‡∏≤‡∏°‡∏Å‡∏•‡∏≤‡∏á‡∏≠‡∏≤‡∏Å‡∏≤‡∏®‡∏´‡∏ô‡∏≤‡∏ß‡πÄ‡∏¢‡πá‡∏ô ‡∏°‡∏µ‡∏î‡∏≠‡∏Å‡πÄ‡∏Å‡∏•‡πá‡∏î‡∏´‡∏¥‡∏°‡∏∞‡∏Ç‡∏∂‡πâ‡∏ô‡∏á‡∏≤‡∏°‡πÑ‡∏î‡πâ,Mon Dec 23 14:23:11 +0000 2013,285,351,45730
"Bangkok, Thailand",58717072,toeiitoey,‡∏ã‡∏≤‡∏•‡∏≤‡πÄ‡∏õ‡∏≤‡∏ö‡∏∏‡∏Å üê∑,"Nakhonpathom, Thailand",I am loved. ‚ù§Ô∏è A Pescatarian üç§ Starving to be extraordinaire üíÅ,Tue Jul 21 05:41:14 +0000 2009,248,125,32319
"Bangkok, Thailand",2258992134,FuseDEX,‡∏Ñ‡∏¥‡∏î‡πÑ‡∏°‡πà‡∏≠‡∏≠‡∏Å‡πÉ‡∏´‡πâ‡∏ó‡∏≥‡∏õ‡∏≤‡∏Å‡∏à‡∏π‡πã‡∏Ñ‡∏±‡∏ö,Under the stars of Aries,‡πÄ‡∏Ñ‡∏¢‡∏°‡∏µ‡∏ï‡∏≥‡∏ô‡∏≤‡∏ô‡πÄ‡∏•‡πà‡∏≤‡∏ñ‡∏∂‡∏á ‡∏≠‡∏≤‡∏ó‡∏¥‡∏ï‡∏¢‡πå‡∏ó‡∏µ‡πà‡πÑ‡∏°‡πà‡πÄ‡∏Ñ‡∏¢‡∏î‡∏±‡∏ö‡πÉ‡∏ô‡∏î‡∏¥‡∏ô‡πÅ‡∏î‡∏ô‡∏ô‡πâ‡∏≥‡πÅ‡∏Ç‡πá‡∏á ‡∏ó‡πà‡∏≤‡∏°‡∏Å‡∏•‡∏≤‡∏á‡∏≠‡∏≤‡∏Å‡∏≤‡∏®‡∏´‡∏ô‡∏≤‡∏ß‡πÄ‡∏¢‡πá‡∏ô ‡∏°‡∏µ‡∏î‡∏≠‡∏Å‡πÄ‡∏Å‡∏•‡πá‡∏î‡∏´‡∏¥‡∏°‡∏∞‡∏Ç‡∏∂‡πâ‡∏ô‡∏á‡∏≤‡∏°‡πÑ‡∏î‡πâ,Mon Dec 23 14:23:11 +0000 2013,285,351,45730
"Bangkok, Thailand",2258992134,FuseDEX,‡∏Ñ‡∏¥‡∏î‡πÑ‡∏°‡πà‡∏≠‡∏≠‡∏Å‡πÉ‡∏´‡πâ‡∏ó‡∏≥‡∏õ‡∏≤‡∏Å‡∏à‡∏π‡πã‡∏Ñ‡∏±‡∏ö,Under the stars of Aries,‡πÄ‡∏Ñ‡∏¢‡∏°‡∏µ‡∏ï‡∏≥‡∏ô‡∏≤‡∏ô‡πÄ‡∏•‡πà‡∏≤‡∏ñ‡∏∂‡∏á ‡∏≠‡∏≤‡∏ó‡∏¥‡∏ï‡∏¢‡πå‡∏ó‡∏µ‡πà‡πÑ‡∏°‡πà‡πÄ‡∏Ñ‡∏¢‡∏î‡∏±‡∏ö‡πÉ‡∏ô‡∏î‡∏¥‡∏ô‡πÅ‡∏î‡∏ô‡∏ô‡πâ‡∏≥‡πÅ‡∏Ç‡πá‡∏á ‡∏ó‡πà‡∏≤‡∏°‡∏Å‡∏•‡∏≤‡∏á‡∏≠‡∏≤‡∏Å‡∏≤‡∏®‡∏´‡∏ô‡∏≤‡∏ß‡πÄ‡∏¢‡πá‡∏ô ‡∏°‡∏µ‡∏î‡∏≠‡∏Å‡πÄ‡∏Å‡∏•‡πá‡∏î‡∏´‡∏¥‡∏°‡∏∞‡∏Ç‡∏∂‡πâ‡∏ô‡∏á‡∏≤‡∏°‡πÑ‡∏î‡πâ,Mon Dec 23 14:23:11 +0000 2013,285,351,45730
"Bangkok, Thailand",2258992134,FuseDEX,‡∏Ñ‡∏¥‡∏î‡πÑ‡∏°‡πà‡∏≠‡∏≠‡∏Å‡πÉ‡∏´‡πâ‡∏ó‡∏≥‡∏õ‡∏≤‡∏Å‡∏à‡∏π‡πã‡∏Ñ‡∏±‡∏ö,Under the stars of Aries,‡πÄ‡∏Ñ‡∏¢‡∏°‡∏µ‡∏ï‡∏≥‡∏ô‡∏≤‡∏ô‡πÄ‡∏•‡πà‡∏≤‡∏ñ‡∏∂‡∏á ‡∏≠‡∏≤‡∏ó‡∏¥‡∏ï‡∏¢‡πå‡∏ó‡∏µ‡πà‡πÑ‡∏°‡πà‡πÄ‡∏Ñ‡∏¢‡∏î‡∏±‡∏ö‡πÉ‡∏ô‡∏î‡∏¥‡∏ô‡πÅ‡∏î‡∏ô‡∏ô‡πâ‡∏≥‡πÅ‡∏Ç‡πá‡∏á ‡∏ó‡πà‡∏≤‡∏°‡∏Å‡∏•‡∏≤‡∏á‡∏≠‡∏≤‡∏Å‡∏≤‡∏®‡∏´‡∏ô‡∏≤‡∏ß‡πÄ‡∏¢‡πá‡∏ô ‡∏°‡∏µ‡∏î‡∏≠‡∏Å‡πÄ‡∏Å‡∏•‡πá‡∏î‡∏´‡∏¥‡∏°‡∏∞‡∏Ç‡∏∂‡πâ‡∏ô‡∏á‡∏≤‡∏°‡πÑ‡∏î‡πâ,Mon Dec 23 14:23:11 +0000 2013,285,351,45730
"Bangkok, Thailand",83538434,noosone,noosone,"Bangkok, Thailand",/ loving yourself is the best thing you can do /,Mon Oct 19 06:34:55 +0000 2009,330,366,16002
"Bangkok, Thailand",906557263384526849,Kimkee_hor,\¬∞‚óã¬∞/  T^T,‡∏´‡∏°‡∏π‡πà‡∏ö‡πâ‡∏≤‡∏ô‡∏ä‡∏ß‡∏ô‡∏ä‡∏∑‡πà‡∏ô,‡πÄ‡∏î‡∏¥‡∏ô‡πÄ‡∏£‡πá‡∏ß‡∏Å‡πá‡∏ß‡πà‡∏≤ ‡πÄ‡∏î‡∏¥‡∏ô‡∏ä‡πâ‡∏≤‡∏Å‡πá‡∏ö‡πà‡∏ô,Sat Sep 09 16:37:49 +0000 2017,174,125,4996
"Bangkok, Thailand",22753889,13e11,‚Ä¢ ‡∏ö‡∏• BL ‚Ä¢,"Bangkok, Thailand",Now Always Forever ‡∏Å‡∏≥‡∏•‡∏±‡∏á‡∏´‡∏ß‡∏µ‡∏î #PRODUCE48,Wed Mar 04 10:01:36 +0000 2009,289,120,44739
"Bangkok, Thailand",2258992134,FuseDEX,‡∏Ñ‡∏¥‡∏î‡πÑ‡∏°‡πà‡∏≠‡∏≠‡∏Å‡πÉ‡∏´‡πâ‡∏ó‡∏≥‡∏õ‡∏≤‡∏Å‡∏à‡∏π‡πã‡∏Ñ‡∏±‡∏ö,Under the stars of Aries,‡πÄ‡∏Ñ‡∏¢‡∏°‡∏µ‡∏ï‡∏≥‡∏ô‡∏≤‡∏ô‡πÄ‡∏•‡πà‡∏≤‡∏ñ‡∏∂‡∏á ‡∏≠‡∏≤‡∏ó‡∏¥‡∏ï‡∏¢‡πå‡∏ó‡∏µ‡πà‡πÑ‡∏°‡πà‡πÄ‡∏Ñ‡∏¢‡∏î‡∏±‡∏ö‡πÉ‡∏ô‡∏î‡∏¥‡∏ô‡πÅ‡∏î‡∏ô‡∏ô‡πâ‡∏≥‡πÅ‡∏Ç‡πá‡∏á ‡∏ó‡πà‡∏≤‡∏°‡∏Å‡∏•‡∏≤‡∏á‡∏≠‡∏≤‡∏Å‡∏≤‡∏®‡∏´‡∏ô‡∏≤‡∏ß‡πÄ‡∏¢‡πá‡∏ô ‡∏°‡∏µ‡∏î‡∏≠‡∏Å‡πÄ‡∏Å‡∏•‡πá‡∏î‡∏´‡∏¥‡∏°‡∏∞‡∏Ç‡∏∂‡πâ‡∏ô‡∏á‡∏≤‡∏°‡πÑ‡∏î‡πâ,Mon Dec 23 14:23:11 +0000 2013,285,351,45730
"Bangkok, Thailand",2258992134,FuseDEX,‡∏Ñ‡∏¥‡∏î‡πÑ‡∏°‡πà‡∏≠‡∏≠‡∏Å‡πÉ‡∏´‡πâ‡∏ó‡∏≥‡∏õ‡∏≤‡∏Å‡∏à‡∏π‡πã‡∏Ñ‡∏±‡∏ö,Under the stars of Aries,‡πÄ‡∏Ñ‡∏¢‡∏°‡∏µ‡∏ï‡∏≥‡∏ô‡∏≤‡∏ô‡πÄ‡∏•‡πà‡∏≤‡∏ñ‡∏∂‡∏á ‡∏≠‡∏≤‡∏ó‡∏¥‡∏ï‡∏¢‡πå‡∏ó‡∏µ‡πà‡πÑ‡∏°‡πà‡πÄ‡∏Ñ‡∏¢‡∏î‡∏±‡∏ö‡πÉ‡∏ô‡∏î‡∏¥‡∏ô‡πÅ‡∏î‡∏ô‡∏ô‡πâ‡∏≥‡πÅ‡∏Ç‡πá‡∏á ‡∏ó‡πà‡∏≤‡∏°‡∏Å‡∏•‡∏≤‡∏á‡∏≠‡∏≤‡∏Å‡∏≤‡∏®‡∏´‡∏ô‡∏≤‡∏ß‡πÄ‡∏¢‡πá‡∏ô ‡∏°‡∏µ‡∏î‡∏≠‡∏Å‡πÄ‡∏Å‡∏•‡πá‡∏î‡∏´‡∏¥‡∏°‡∏∞‡∏Ç‡∏∂‡πâ‡∏ô‡∏á‡∏≤‡∏°‡πÑ‡∏î‡πâ,Mon Dec 23 14:23:11 +0000 2013,285,351,45730
"Bangkok, Thailand",2258992134,FuseDEX,‡∏Ñ‡∏¥‡∏î‡πÑ‡∏°‡πà‡∏≠‡∏≠‡∏Å‡πÉ‡∏´‡πâ‡∏ó‡∏≥‡∏õ‡∏≤‡∏Å‡∏à‡∏π‡πã‡∏Ñ‡∏±‡∏ö,Under the stars of Aries,‡πÄ‡∏Ñ‡∏¢‡∏°‡∏µ‡∏ï‡∏≥‡∏ô‡∏≤‡∏ô‡πÄ‡∏•‡πà‡∏≤‡∏ñ‡∏∂‡∏á ‡∏≠‡∏≤‡∏ó‡∏¥‡∏ï‡∏¢‡πå‡∏ó‡∏µ‡πà‡πÑ‡∏°‡πà‡πÄ‡∏Ñ‡∏¢‡∏î‡∏±‡∏ö‡πÉ‡∏ô‡∏î‡∏¥‡∏ô‡πÅ‡∏î‡∏ô‡∏ô‡πâ‡∏≥‡πÅ‡∏Ç‡πá‡∏á ‡∏ó‡πà‡∏≤‡∏°‡∏Å‡∏•‡∏≤‡∏á‡∏≠‡∏≤‡∏Å‡∏≤‡∏®‡∏´‡∏ô‡∏≤‡∏ß‡πÄ‡∏¢‡πá‡∏ô ‡∏°‡∏µ‡∏î‡∏≠‡∏Å‡πÄ‡∏Å‡∏•‡πá‡∏î‡∏´‡∏¥‡∏°‡∏∞‡∏Ç‡∏∂‡πâ‡∏ô‡∏á‡∏≤‡∏°‡πÑ‡∏î‡πâ,Mon Dec 23 14:23:11 +0000 2013,285,351,45730
"Bangkok, Thailand",2258992134,FuseDEX,‡∏Ñ‡∏¥‡∏î‡πÑ‡∏°‡πà‡∏≠‡∏≠‡∏Å‡πÉ‡∏´‡πâ‡∏ó‡∏≥‡∏õ‡∏≤‡∏Å‡∏à‡∏π‡πã‡∏Ñ‡∏±‡∏ö,Under the stars of Aries,‡πÄ‡∏Ñ‡∏¢‡∏°‡∏µ‡∏ï‡∏≥‡∏ô‡∏≤‡∏ô‡πÄ‡∏•‡πà‡∏≤‡∏ñ‡∏∂‡∏á ‡∏≠‡∏≤‡∏ó‡∏¥‡∏ï‡∏¢‡πå‡∏ó‡∏µ‡πà‡πÑ‡∏°‡πà‡πÄ‡∏Ñ‡∏¢‡∏î‡∏±‡∏ö‡πÉ‡∏ô‡∏î‡∏¥‡∏ô‡πÅ‡∏î‡∏ô‡∏ô‡πâ‡∏≥‡πÅ‡∏Ç‡πá‡∏á ‡∏ó‡πà‡∏≤‡∏°‡∏Å‡∏•‡∏≤‡∏á‡∏≠‡∏≤‡∏Å‡∏≤‡∏®‡∏´‡∏ô‡∏≤‡∏ß‡πÄ‡∏¢‡πá‡∏ô ‡∏°‡∏µ‡∏î‡∏≠‡∏Å‡πÄ‡∏Å‡∏•‡πá‡∏î‡∏´‡∏¥‡∏°‡∏∞‡∏Ç‡∏∂‡πâ‡∏ô‡∏á‡∏≤‡∏°‡πÑ‡∏î‡πâ,Mon Dec 23 14:23:11 +0000 2013,285,351,45730
"Bangkok, Thailand",4566073334,nmminttp_,NJüå®‚ú®,BKKüáπüá≠ | HLJüá®üá≥,ÁéãÊ¢ìÊ∂µ | Independent | —ïp Ôºö15/12/2015 | ÏõåÎÑàÏôÑ Î∞ïÏßÄÌõà ÎùºÏù¥Í¥ÄÎ¶∞ Ïù¥ÎåÄÌúò | @wannaone_twt | Ïú†ÏÑ†Ìò∏ | @cube_yooseonho | #s_xnnminttp_ | #‡∏£‡∏ß‡∏ö‡∏£‡∏ß‡∏°‡∏Ñ‡∏ß‡∏≤‡∏°‡∏ô‡πà‡∏≤‡∏£‡∏±‡∏Å‡∏Ç‡∏≠‡∏á‡πÇ‡∏Æ‡∏™‡∏Å‡∏π | #atchina_nnminttp_ |,Tue Dec 15 13:15:10 +0000 2015,350,112,108487
"Bangkok, Thailand",2482112540,happiiBowy__,‡πÇ‡∏ö‡∏´‡∏ß‡∏µüçí,JS : my one and only,üíö[1D][Wanna One][Samuel][Nu‚Äôest][NCT][BTOB][Red Velvet]üß° üéÄTiwaiiüê±üíï,Wed May 07 13:24:55 +0000 2014,477,353,158345
"Bangkok, Thailand",1054620348,KEWALINNNNN,ùíñùíèùíÑùíêùíèùíïùíìùíêùíçùíçùíÇùíÉùíçùíö ùíáùíêùíèùíÖ,Bangkok.Thailand,Febuary 1992.,Wed Jan 02 09:24:30 +0000 2013,302,422,57890
"Bangkok, Thailand",623440697,__kan_st,shushü§´,Out of GPRS,‡πÄ‡∏õ‡πá‡∏ô‡πÉ‡∏´‡πâ‡πÄ‡∏ò‡∏≠‡πÑ‡∏î‡πâ‡∏ó‡∏∏‡∏Å‡∏≠‡∏¢‡πà‡∏≤‡∏á ‡πÅ‡∏ï‡πà‡∏Å‡πá‡πÄ‡∏´‡∏°‡∏∑‡∏≠‡∏ô‡πÑ‡∏°‡πà‡∏°‡∏µ‡∏Ñ‡∏ß‡∏≤‡∏°‡∏´‡∏°‡∏≤‡∏¢.losing my mind.,Sun Jul 01 05:27:01 +0000 2012,105,182,51015
"Bangkok, Thailand",623440697,__kan_st,shushü§´,Out of GPRS,‡πÄ‡∏õ‡πá‡∏ô‡πÉ‡∏´‡πâ‡πÄ‡∏ò‡∏≠‡πÑ‡∏î‡πâ‡∏ó‡∏∏‡∏Å‡∏≠‡∏¢‡πà‡∏≤‡∏á ‡πÅ‡∏ï‡πà‡∏Å‡πá‡πÄ‡∏´‡∏°‡∏∑‡∏≠‡∏ô‡πÑ‡∏°‡πà‡∏°‡∏µ‡∏Ñ‡∏ß‡∏≤‡∏°‡∏´‡∏°‡∏≤‡∏¢.losing my mind.,Sun Jul 01 05:27:01 +0000 2012,105,182,51015
"Bangkok, Thailand",623440697,__kan_st,shushü§´,Out of GPRS,‡πÄ‡∏õ‡πá‡∏ô‡πÉ‡∏´‡πâ‡πÄ‡∏ò‡∏≠‡πÑ‡∏î‡πâ‡∏ó‡∏∏‡∏Å‡∏≠‡∏¢‡πà‡∏≤‡∏á ‡πÅ‡∏ï‡πà‡∏Å‡πá‡πÄ‡∏´‡∏°‡∏∑‡∏≠‡∏ô‡πÑ‡∏°‡πà‡∏°‡∏µ‡∏Ñ‡∏ß‡∏≤‡∏°‡∏´‡∏°‡∏≤‡∏¢.losing my mind.,Sun Jul 01 05:27:01 +0000 2012,105,182,51015
"Bangkok, Thailand",2258992134,FuseDEX,‡∏Ñ‡∏¥‡∏î‡πÑ‡∏°‡πà‡∏≠‡∏≠‡∏Å‡πÉ‡∏´‡πâ‡∏ó‡∏≥‡∏õ‡∏≤‡∏Å‡∏à‡∏π‡πã‡∏Ñ‡∏±‡∏ö,Under the stars of Aries,‡πÄ‡∏Ñ‡∏¢‡∏°‡∏µ‡∏ï‡∏≥‡∏ô‡∏≤‡∏ô‡πÄ‡∏•‡πà‡∏≤‡∏ñ‡∏∂‡∏á ‡∏≠‡∏≤‡∏ó‡∏¥‡∏ï‡∏¢‡πå‡∏ó‡∏µ‡πà‡πÑ‡∏°‡πà‡πÄ‡∏Ñ‡∏¢‡∏î‡∏±‡∏ö‡πÉ‡∏ô‡∏î‡∏¥‡∏ô‡πÅ‡∏î‡∏ô‡∏ô‡πâ‡∏≥‡πÅ‡∏Ç‡πá‡∏á ‡∏ó‡πà‡∏≤‡∏°‡∏Å‡∏•‡∏≤‡∏á‡∏≠‡∏≤‡∏Å‡∏≤‡∏®‡∏´‡∏ô‡∏≤‡∏ß‡πÄ‡∏¢‡πá‡∏ô ‡∏°‡∏µ‡∏î‡∏≠‡∏Å‡πÄ‡∏Å‡∏•‡πá‡∏î‡∏´‡∏¥‡∏°‡∏∞‡∏Ç‡∏∂‡πâ‡∏ô‡∏á‡∏≤‡∏°‡πÑ‡∏î‡πâ,Mon Dec 23 14:23:11 +0000 2013,285,351,45730
"Bangkok, Thailand",137405068,PUsenorita,üêª ùï°ùïñùïüùïñùïùùï†ùï°ùïñùïñ Àô·¥•Àô,"Nakhon Pathom, Thailand",‚úé Nakprasith 61 | ‚úé Socwork Thammasat 52 ‚Äî ‡∏ö‡πà‡∏ô‡∏ß‡πà‡∏≤‡∏≠‡πâ‡∏ß‡∏ô‡πÄ‡∏õ‡πá‡∏ô‡∏£‡∏≠‡∏ö‡∏ó‡∏µ‡πà‡∏•‡πâ‡∏≤‡∏ô ‡πÅ‡∏ï‡πà‡∏Å‡πá‡∏¢‡∏±‡∏á‡πÑ‡∏°‡πà‡∏´‡∏¢‡∏∏‡∏î‡πÅ‡∏î‡∏Å,Mon Apr 26 17:12:25 +0000 2010,160,230,48055
"Bangkok, Thailand",313974250,TinyTid,‡∏ï‡∏¥‡πä‡∏î‡∏â‡∏î‡πÉ‡∏â‚ô°,"Bangkok, Thailand",Rajini 109 Ôºä Thammasat ‚òÉ,Thu Jun 09 14:22:38 +0000 2011,253,226,68062
"Bangkok, Thailand",572371888,satrawo,‡πÄ‡∏à‡∏°‡∏™‡πå,"Bangkok, Thailand",James (1995) #BJ100 #CPE28 #KMUTT55,Sun May 06 06:33:24 +0000 2012,457,237,19495
"Bangkok, Thailand",2258992134,FuseDEX,‡∏Ñ‡∏¥‡∏î‡πÑ‡∏°‡πà‡∏≠‡∏≠‡∏Å‡πÉ‡∏´‡πâ‡∏ó‡∏≥‡∏õ‡∏≤‡∏Å‡∏à‡∏π‡πã‡∏Ñ‡∏±‡∏ö,Under the stars of Aries,‡πÄ‡∏Ñ‡∏¢‡∏°‡∏µ‡∏ï‡∏≥‡∏ô‡∏≤‡∏ô‡πÄ‡∏•‡πà‡∏≤‡∏ñ‡∏∂‡∏á ‡∏≠‡∏≤‡∏ó‡∏¥‡∏ï‡∏¢‡πå‡∏ó‡∏µ‡πà‡πÑ‡∏°‡πà‡πÄ‡∏Ñ‡∏¢‡∏î‡∏±‡∏ö‡πÉ‡∏ô‡∏î‡∏¥‡∏ô‡πÅ‡∏î‡∏ô‡∏ô‡πâ‡∏≥‡πÅ‡∏Ç‡πá‡∏á ‡∏ó‡πà‡∏≤‡∏°‡∏Å‡∏•‡∏≤‡∏á‡∏≠‡∏≤‡∏Å‡∏≤‡∏®‡∏´‡∏ô‡∏≤‡∏ß‡πÄ‡∏¢‡πá‡∏ô ‡∏°‡∏µ‡∏î‡∏≠‡∏Å‡πÄ‡∏Å‡∏•‡πá‡∏î‡∏´‡∏¥‡∏°‡∏∞‡∏Ç‡∏∂‡πâ‡∏ô‡∏á‡∏≤‡∏°‡πÑ‡∏î‡πâ,Mon Dec 23 14:23:11 +0000 2013,285,351,45730
"Bangkok, Thailand",2258992134,FuseDEX,‡∏Ñ‡∏¥‡∏î‡πÑ‡∏°‡πà‡∏≠‡∏≠‡∏Å‡πÉ‡∏´‡πâ‡∏ó‡∏≥‡∏õ‡∏≤‡∏Å‡∏à‡∏π‡πã‡∏Ñ‡∏±‡∏ö,Under the stars of Aries,‡πÄ‡∏Ñ‡∏¢‡∏°‡∏µ‡∏ï‡∏≥‡∏ô‡∏≤‡∏ô‡πÄ‡∏•‡πà‡∏≤‡∏ñ‡∏∂‡∏á ‡∏≠‡∏≤‡∏ó‡∏¥‡∏ï‡∏¢‡πå‡∏ó‡∏µ‡πà‡πÑ‡∏°‡πà‡πÄ‡∏Ñ‡∏¢‡∏î‡∏±‡∏ö‡πÉ‡∏ô‡∏î‡∏¥‡∏ô‡πÅ‡∏î‡∏ô‡∏ô‡πâ‡∏≥‡πÅ‡∏Ç‡πá‡∏á ‡∏ó‡πà‡∏≤‡∏°‡∏Å‡∏•‡∏≤‡∏á‡∏≠‡∏≤‡∏Å‡∏≤‡∏®‡∏´‡∏ô‡∏≤‡∏ß‡πÄ‡∏¢‡πá‡∏ô ‡∏°‡∏µ‡∏î‡∏≠‡∏Å‡πÄ‡∏Å‡∏•‡πá‡∏î‡∏´‡∏¥‡∏°‡∏∞‡∏Ç‡∏∂‡πâ‡∏ô‡∏á‡∏≤‡∏°‡πÑ‡∏î‡πâ,Mon Dec 23 14:23:11 +0000 2013,285,351,45730
"Bangkok, Thailand",2482112540,happiiBowy__,‡πÇ‡∏ö‡∏´‡∏ß‡∏µüçí,JS : my one and only,üíö[1D][Wanna One][Samuel][Nu‚Äôest][NCT][BTOB][Red Velvet]üß° üéÄTiwaiiüê±üíï,Wed May 07 13:24:55 +0000 2014,477,353,158345
"Bangkok, Thailand",313974250,TinyTid,‡∏ï‡∏¥‡πä‡∏î‡∏â‡∏î‡πÉ‡∏â‚ô°,"Bangkok, Thailand",Rajini 109 Ôºä Thammasat ‚òÉ,Thu Jun 09 14:22:38 +0000 2011,253,226,68062
"Bangkok, Thailand",492131496,khao_neaw,khornor,"‡∏≠.‡∏û‡∏∏‡∏ó‡∏ò‡∏°‡∏ì‡∏ë‡∏•, ‡∏à.‡∏ô‡∏Ñ‡∏£‡∏õ‡∏ê‡∏°",@peckpalit ' s girl ‚òò| @NamjoohyukTH |,Tue Feb 14 11:32:35 +0000 2012,269,472,23086
"Bangkok, Thailand",2482112540,happiiBowy__,‡πÇ‡∏ö‡∏´‡∏ß‡∏µüçí,JS : my one and only,üíö[1D][Wanna One][Samuel][Nu‚Äôest][NCT][BTOB][Red Velvet]üß° üéÄTiwaiiüê±üíï,Wed May 07 13:24:55 +0000 2014,477,353,158345
"Bangkok, Thailand",456678051,vanutchapron,n,"Bangkok, Thailand",(ÔΩ°ÔΩ•Àá_ÀáÔΩ•ÔΩ°) directioner xEXO-L /vllll x NCTüåà üíö,Fri Jan 06 14:41:37 +0000 2012,242,394,32458
